X,Y,OBJECTID,BLOCK_NAME,ZIP_CODE,YEAR,COMMENTS,DATA_SOURCE
-75.1919285431389,39.9328927375536,1,1600 Block of S NEWKIRK ST,19145,2020,,2020 Playstreets Program
-75.1674858060937,40.0009277862707,2,3000 Block of N HEMBERGER ST,19132,2020,,2020 Playstreets Program
-75.1711507193699,39.9969142398389,3,2700 Block of N RINGGOLD ST,19132,2020,,2020 Playstreets Program
-75.1245823143885,39.9880140090917,4,1900 Block of E OAKDALE ST,19125,2020,,2020 Playstreets Program
-75.1439598564366,39.9949798576717,5,2800 Block of N FRANKLIN ST,19133,2020,,2020 Playstreets Program
-75.1506087272137,40.0225176547939,6,4500 Block of N HICKS ST,19140,2020,,2020 Playstreets Program
-75.1823716635707,39.976870490345,7,1300 Block of N DOVER ST,19121,2020,,2020 Playstreets Program
-75.1098166734837,39.9974471953797,8,1800 Block of E CORNWALL ST,19134,2020,,2020 Playstreets Program
-75.2150175098268,39.9421984578906,9,1200 Block of GREYLOCK ST,19143,2020,,2020 Playstreets Program
-75.1446021863034,39.9950636806105,10,2800 Block of N 8TH ST,19133,2020,,2020 Playstreets Program
-75.2288506619857,39.9200047877026,11,2600 Block of S DAGGETT ST,19142,2020,,2020 Playstreets Program
-75.1249850541419,40.0349571957058,12,5500 Block of PALETHORP ST,19120,2020,,2020 Playstreets Program
-75.2339781199333,39.9619336218432,13,0 Block of N FRAZIER ST,19139,2020,0-99 Street Range,2020 Playstreets Program
-75.221422564306,39.961966887444,14,100 Block of FARSON ST,19139,2020,,2020 Playstreets Program
-75.1283265862832,39.9960293863674,15,3000 Block of N SWANSON ST,19134,2020,,2020 Playstreets Program
-75.1850812243342,39.9919986988283,16,3200 Block of W DAKOTA ST,19132,2020,,2020 Playstreets Program
-75.1400975920863,39.9881471293884,17,2400 Block of N LAWRENCE ST,19133,2020,,2020 Playstreets Program
-75.1591030246696,40.0477287441488,18,5500 Block of BLAKEMORE ST,19138,2020,,2020 Playstreets Program
-75.1309414794647,39.9932967529826,19,2800 Block of HOPE ST,19133,2020,,2020 Playstreets Program
-75.2228915927551,39.9736604209251,20,1300 Block of N 50TH ST,19131,2020,,2020 Playstreets Program
-75.1514381402515,40.0001672546311,21,1300 Block of W CLEMENTINE ST,19132,2020,,2020 Playstreets Program
-75.115140527239,40.0242682849024,22,4900 Block of GRANSBACK ST,19120,2020,,2020 Playstreets Program
-75.1170711492221,40.0198303278348,23,4600 Block of HURLEY ST,19120,2020,,2020 Playstreets Program
-75.2375143155899,39.9738310181401,24,1400 Block of N HOBART ST,19131,2020,,2020 Playstreets Program
-75.1018556090306,39.9931884312731,25,3400 Block of WEIKEL ST,19134,2020,,2020 Playstreets Program
-75.1085910456057,39.9943859100671,26,3200 Block of JOYCE ST,19134,2020,,2020 Playstreets Program
-75.2390402307115,39.9556551144951,27,5800 Block of DELANCEY ST,19143,2020,,2020 Playstreets Program
-75.1674860665503,39.9853698850999,28,2000 Block of N LAMBERT ST,19121,2020,,2020 Playstreets Program
-75.1825201753383,39.9967380038545,29,2600 Block of N NAPA ST,19132,2020,,2020 Playstreets Program
-75.1441025224462,39.9996515171723,30,3100 Block of N DARIEN ST,19133,2020,,2020 Playstreets Program
-75.2422153414255,39.9584451125496,31,200 Block of S EDGEWOOD ST,19139,2020,,2020 Playstreets Program
-75.1342770269542,39.976376912415,32,100 Block of W PALMER ST,19122,2020,,2020 Playstreets Program
-75.0651751910312,40.0139565221946,33,2100 Block of SHALLCROSS ST,19124,2020,,2020 Playstreets Program
-75.2284722133103,39.9696935931406,34,600 Block of N 54TH ST,19131,2020,,2020 Playstreets Program
-75.0989670585213,40.0095589573823,35,4100 Block of MARKLAND ST,19124,2020,,2020 Playstreets Program
-75.157082375378,40.0501113359853,36,6200 Block of N BEECHWOOD ST,19138,2020,,2020 Playstreets Program
-75.1471553323584,39.9909133798254,37,2500 Block of N HUTCHINSON ST,19133,2020,,2020 Playstreets Program
-75.1630097605031,39.9879846592418,38,2200 Block of N CLEVELAND ST,19132,2020,,2020 Playstreets Program
-75.1468377265907,40.0078721461179,39,3600 Block of N MARVINE ST,19140,2020,,2020 Playstreets Program
-75.1808675725814,39.9865558941426,40,2000 Block of N 29TH ST,19121,2020,,2020 Playstreets Program
-75.2307969911696,39.9314587187602,41,6000 Block of REINHARD ST,19142,2020,,2020 Playstreets Program
-75.175088698542,39.9799505670298,42,2400 Block of TURNER ST,19121,2020,,2020 Playstreets Program
-75.1459563156454,39.9857825839355,43,2200 Block of N FRANKLIN ST,19133,2020,,2020 Playstreets Program
-75.152273142658,39.9963367840221,44,1300 Block of W WILLIAM ST,19132,2020,,2020 Playstreets Program
-75.1700703323907,40.0030025140803,45,3100 Block of N TAYLOR ST,19132,2020,,2020 Playstreets Program
-75.1825134487933,39.9376944838895,46,1200 Block of S BONSALL ST,19146,2020,,2020 Playstreets Program
-75.1749584154344,39.9955748237761,47,2600 Block of W HAROLD ST,19132,2020,,2020 Playstreets Program
-75.1921477134659,39.9341764029454,48,1500 Block of S DOVER ST,19146,2020,,2020 Playstreets Program
-75.2151741029118,39.9400398061537,49,1300 Block of DIVINITY ST,19143,2020,,2020 Playstreets Program
-75.0905075459682,40.0161494886729,50,1300 Block of SELLERS ST,19124,2020,,2020 Playstreets Program
-75.163950158942,39.9772964053039,51,1500 Block of N BOUVIER ST,19121,2020,,2020 Playstreets Program
-75.162253696873,40.0299580276278,52,0 Block of E CLAPIER ST,19144,2020,0-99 Street Range,2020 Playstreets Program
-75.1837012783975,39.9268130118958,53,2000 Block of S HEMBERGER ST,19145,2020,,2020 Playstreets Program
-75.1861338963079,39.9308953550687,54,1700 Block of S TAYLOR ST,19145,2020,,2020 Playstreets Program
-75.1145206760321,39.997145019398,55,800 Block of E HILTON ST,19134,2020,,2020 Playstreets Program
-75.1773320627471,39.9977039483475,56,2700 Block of N NEWKIRK ST,19132,2020,,2020 Playstreets Program
-75.1623372382283,39.991023988936,57,2400 Block of N CLEVELAND ST,19132,2020,,2020 Playstreets Program
-75.2393599245398,39.9541491195345,58,5800 Block of ADDISON ST,19143,2020,,2020 Playstreets Program
-75.1255109741655,40.0385389030049,59,200 Block of FURLEY ST,19120,2020,,2020 Playstreets Program
-75.1700250245483,39.9967631083123,60,2700 Block of JUDSON ST,19132,2020,,2020 Playstreets Program
-75.1395302699396,39.9817352786417,61,2000 Block of N 3RD ST,19122,2020,,2020 Playstreets Program
-75.2227636875641,39.9427338130201,62,1100 Block of S WILTON ST,19143,2020,,2020 Playstreets Program
-75.184034981283,39.9770949177898,63,1300 Block of N MYRTLEWOOD ST,19121,2020,,2020 Playstreets Program
-75.2162139464895,39.9393046206583,64,1400 Block of S PAXON ST,19143,2020,,2020 Playstreets Program
-75.2253603151733,39.9389075476412,65,1400 Block of S VOGDES ST,19143,2020,,2020 Playstreets Program
-75.1464776005275,39.9750359591924,66,1500 Block of N MARSHALL ST,19122,2020,,2020 Playstreets Program
-75.1870550551924,39.9335177991074,67,1500 Block of S STILLMAN ST,19146,2020,,2020 Playstreets Program
-75.1637563862237,39.9700868226241,68,1600 Block of OGDEN ST,19130,2020,,2020 Playstreets Program
-75.1804228607877,39.9837323506979,69,1800 Block of N NEWKIRK ST,19121,2020,,2020 Playstreets Program
-75.1778026394578,39.9836244021123,70,1800 Block of N TANEY ST,19121,2020,,2020 Playstreets Program
-75.2270156114822,39.9358283460003,71,1900 Block of S ALDEN ST,19143,2020,,2020 Playstreets Program
-75.1581164009889,40.0177568939261,72,1900 Block of BONITZ ST,19140,2020,,2020 Playstreets Program
-75.1853205242462,39.9861157250642,73,1900 Block of N PATTON ST,19121,2020,,2020 Playstreets Program
-75.1289525497075,40.0258159258526,74,200 Block of SULIS ST,19120,2020,,2020 Playstreets Program
-75.0657945790498,40.0165047952814,75,2000 Block of CARVER ST,19124,2020,,2020 Playstreets Program
-75.166742359166,40.0088573019861,76,2300 Block of W ATLANTIC ST,19140,2020,,2020 Playstreets Program
-75.1604410040972,39.9923019272075,77,2500 Block of N COLORADO ST,19132,2020,,2020 Playstreets Program
-75.1767700968535,39.9944160433037,78,2500 Block of N MARSTON ST,19132,2020,,2020 Playstreets Program
-75.2277974920015,39.9234478809655,79,2500 Block of S GROSS ST,19142,2020,,2020 Playstreets Program
-75.1729728697445,39.9971703267049,80,2500 Block of W SILVER ST,19132,2020,,2020 Playstreets Program
-75.1328534804713,39.9935434432613,81,2800 Block of MUTTER ST,19133,2020,,2020 Playstreets Program
-75.1268707688399,39.9943087785763,82,2900 Block of KIP ST,19134,2020,,2020 Playstreets Program
-75.1507806812682,39.9973438709996,83,2900 Block of N CAMAC ST,19133,2020,,2020 Playstreets Program
-75.1203151406723,39.9949950081693,84,3000 Block of HARTVILLE ST,19134,2020,,2020 Playstreets Program
-75.1196480936485,39.9981271265163,85,3200 Block of HARTVILLE ST,19134,2020,,2020 Playstreets Program
-75.129634707433,39.9993884836444,86,3200 Block of HOPE ST,19140,2020,,2020 Playstreets Program
-75.125866460026,40.0020448008445,87,3400 Block of ELLA ST,19134,2020,,2020 Playstreets Program
-75.1239649446983,40.001825364469,88,3400 Block of ORMES ST,19134,2020,,2020 Playstreets Program
-75.1486301229959,40.0081015067334,89,3600 Block of N CAMAC ST,19140,2020,,2020 Playstreets Program
-75.1428229228323,40.0105703111302,90,3800 Block of N PERCY ST,19140,2020,,2020 Playstreets Program
-75.0918850954461,40.0096243326718,91,4200 Block of GRISCOM ST,19124,2020,,2020 Playstreets Program
-75.0873290221972,40.008629596941,92,4200 Block of ORCHARD ST,19124,2020,,2020 Playstreets Program
-75.1322077100126,40.0250138409161,93,4800 Block of N LAWRENCE ST,19120,2020,,2020 Playstreets Program
-75.1369333230211,40.0270901794456,94,4900 Block of N FRANKLIN ST,19120,2020,,2020 Playstreets Program
-75.1393508034976,40.0274035838438,95,4900 Block of N HUTCHINSON ST,19141,2020,,2020 Playstreets Program
-75.2239544349055,39.9689714913486,96,500 Block of N PAXON ST,19131,2020,,2020 Playstreets Program
-75.1406928319187,39.992974531463,97,2700 Block of N REESE ST,19133,2020,,2020 Playstreets Program
-75.229774976526,39.9444143732471,98,5400 Block of MALCOLM ST,19143,2020,,2020 Playstreets Program
-75.1694855961643,40.0377552003765,99,5500 Block of HEISKELL ST,19144,2020,,2020 Playstreets Program
-75.1178635294441,39.9995060713201,100,600 Block of E WENSLEY ST,19134,2020,,2020 Playstreets Program
-75.1448302235148,39.9963376606194,101,800 Block of W BIRCH ST,19133,2020,,2020 Playstreets Program
-75.1114309509268,40.0004032622279,102,900 Block of E SCHILLER ST,19134,2020,,2020 Playstreets Program
-75.1738056643724,39.9330749929181,103,1400 Block of S BOUVIER ST,19146,2020,,2020 Playstreets Program
-75.1268091894128,40.0241861469665,104,4800 Block of PALETHORP ST,19120,2020,,2020 Playstreets Program
-75.1760792467861,39.9818294961766,105,1700 Block of N STILLMAN ST,19121,2020,,2020 Playstreets Program
-75.1755119803207,39.9867241658114,106,2000 Block of N BAMBREY ST,19121,2020,,2020 Playstreets Program
-75.1734156690008,39.9801691227342,107,2300 Block of NICHOLAS ST,19121,2020,,2020 Playstreets Program
-75.1869619916115,39.9832132151301,108,3200 Block of CLIFFORD ST,19121,2020,,2020 Playstreets Program
-75.1603666038884,39.986330785062,109,1600 Block of FRENCH ST,19121,2020,,2020 Playstreets Program
-75.1450946675559,39.9824515260271,110,2000 Block of N MARSHALL ST,19122,2020,,2020 Playstreets Program
-75.0895375248814,40.033472262783,111,900 Block of CARVER ST,19124,2020,,2020 Playstreets Program
-75.0745250178046,40.015802517448,112,1900 Block of WAKELING ST,19124,2020,,2020 Playstreets Program
-75.0819459629853,40.0132931855592,113,4600 Block of HAWTHORNE ST,19124,2020,,2020 Playstreets Program
-75.1486440130128,40.0553234583819,114,6600 Block of N GRATZ ST,19126,2020,,2020 Playstreets Program
-75.1598539318958,39.9875792946537,115,2200 Block of N BANCROFT ST,19132,2020,,2020 Playstreets Program
-75.18015428073,39.99485352327,116,2500 Block of N MYRTLEWOOD ST,19132,2020,,2020 Playstreets Program
-75.1612244935442,39.990872181921,117,2400 Block of N BOUVIER ST,19132,2020,,2020 Playstreets Program
-75.1633723865282,39.9959077657083,118,2700 Block of N OPAL ST,19132,2020,,2020 Playstreets Program
-75.1662491037759,39.9978490745991,119,2800 Block of N VAN PELT ST,19132,2020,,2020 Playstreets Program
-75.1641189412049,39.9994654189266,120,2000 Block of W STELLA ST,19132,2020,,2020 Playstreets Program
-75.1736596708814,40.0003470673651,121,2900 Block of N BAILEY ST,19132,2020,,2020 Playstreets Program
-75.1681564307621,39.990228572355,122,2300 Block of N BEECHWOOD ST,19132,2020,,2020 Playstreets Program
-75.1430176344548,39.9854041347654,123,2200 Block of N FAIRHILL ST,19133,2020,,2020 Playstreets Program
-75.117480805216,39.9904494342424,124,2000 Block of E MONMOUTH ST,19134,2020,,2020 Playstreets Program
-75.1258451989115,39.9924551001633,125,2800 Block of ORMES ST,19134,2020,,2020 Playstreets Program
-75.0378879259316,40.0279767538678,126,7100 Block of VANDIKE ST,19135,2020,,2020 Playstreets Program
-75.2307264397519,39.9558248162223,127,5400 Block of IRVING ST,19139,2020,,2020 Playstreets Program
-75.2381817044815,39.9671617196405,128,300 Block of N REDFIELD ST,19139,2020,,2020 Playstreets Program
-75.2452392692674,39.963333092662,129,0 Block of N HIRST ST,19139,2020,0-99 Street Range,2020 Playstreets Program
-75.1562985116806,40.0182331786048,130,1800 Block of BRUNNER ST,19140,2020,,2020 Playstreets Program
-75.2190464445831,39.9312310020364,131,2300 Block of S ITHAN ST,19143,2020,,2020 Playstreets Program
-75.1315734598808,40.0154104349149,132,4200 Block of N BODINE ST,19140,2020,,2020 Playstreets Program
-75.1492813637553,40.0223488689491,133,4500 Block of N CARLISLE ST,19140,2020,,2020 Playstreets Program
-75.142964582889,40.012123239942,134,3900 Block of N DELHI ST,19140,2020,,2020 Playstreets Program
-75.1392895365893,40.0164026461652,135,4200 Block of N FRANKLIN ST,19140,2020,,2020 Playstreets Program
-75.2377164065903,39.9523859920249,136,5700 Block of RODMAN ST,19143,2020,,2020 Playstreets Program
-75.2256605047198,39.9427587242912,137,1100 Block of S RUBY ST,19143,2020,,2020 Playstreets Program
-75.17729938607,39.9308269146691,138,1900 Block of MOUNTAIN ST,19145,2020,,2020 Playstreets Program
-75.1765296822815,39.9258909862197,139,2000 Block of S CLEVELAND ST,19145,2020,,2020 Playstreets Program
-75.1888064208603,39.9324970030065,140,1600 Block of S BAILEY ST,19145,2020,,2020 Playstreets Program
-75.168558590109,39.9171214655257,141,2600 Block of S ISEMINGER ST,19148,2020,,2020 Playstreets Program
-75.2195197085131,39.9347006473953,142,1800 Block of S 55TH ST,19143,2020,,2020 Playstreets Program
-75.1586428845663,39.9905365889983,143,2400 Block of N 16TH ST,19132,2020,,2020 Playstreets Program
-75.1655583671664,40.0288273154049,144,0 Block of REGER ST,19144,2020,0-99 Street Range,2020 Playstreets Program
-75.1517777881384,40.0195545386015,145,1500 Block of ROWAN ST,19140,2020,,2020 Playstreets Program
-75.1953103335086,39.9345873482126,146,1500 Block of S STANLEY ST,19146,2020,,2020 Playstreets Program
-75.1814609903561,39.9810094820022,147,1600 Block of N DOVER ST,19121,2020,,2020 Playstreets Program
-75.1048522547521,39.999440461338,148,1800 Block of CLARENCE ST,19134,2020,,2020 Playstreets Program
-75.0849514894336,40.0086917802495,149,1900 Block of BERKSHIRE ST,19124,2020,,2020 Playstreets Program
-75.0861190047693,40.0080655167049,150,1900 Block of BRIGGS ST,19124,2020,,2020 Playstreets Program
-75.1586010916466,40.0183982519817,151,1900 Block of DALKEITH ST,19140,2020,,2020 Playstreets Program
-75.1076442529587,39.9968754822133,152,1900 Block of E THAYER ST,19134,2020,,2020 Playstreets Program
-75.1181835496801,39.9913560606842,153,1900 Block of E MONMOUTH ST,19134,2020,,2020 Playstreets Program
-75.2373219842301,39.9654987749616,154,200 Block of N HOBART ST,19139,2020,,2020 Playstreets Program
-75.1279629292959,40.029271736157,155,200 Block of RUBICAM ST,19120,2020,,2020 Playstreets Program
-75.236939167093,39.9577941670393,156,200 Block of S CECIL ST,19139,2020,,2020 Playstreets Program
-75.1099100782317,39.9940573308691,157,2000 Block of E MADISON ST,19134,2020,,2020 Playstreets Program
-75.1793705400978,39.9884780715399,158,2100 Block of N NEWKIRK ST,19121,2020,,2020 Playstreets Program
-75.1651492228102,39.9866506794976,159,2100 Block of N UBER ST,19121,2020,,2020 Playstreets Program
-75.1658652636027,40.0072075892827,160,2200 Block of W ESTAUGH ST,19140,2020,,2020 Playstreets Program
-75.2305539919338,39.9272945812261,161,2200 Block of S FELTON ST,19142,2020,,2020 Playstreets Program
-75.1631155225724,39.9895832501184,162,2300 Block of N GRATZ ST,19132,2020,,2020 Playstreets Program
-75.1706837759914,39.9920997177123,163,2300 Block of W HAGERT ST,19132,2020,,2020 Playstreets Program
-75.1816038517492,39.9935117374139,164,2400 Block of N CORLIES ST,19132,2020,,2020 Playstreets Program
-75.1643671126187,39.9912784690121,165,2400 Block of N OPAL ST,19132,2020,,2020 Playstreets Program
-75.148288946872,39.9943211861217,166,2700 Block of N WARNOCK ST,19133,2020,,2020 Playstreets Program
-75.1450644009377,39.9951234747861,167,2800 Block of N DARIEN ST,19133,2020,,2020 Playstreets Program
-75.1779536709447,40.003838000216,168,2900 Block of W CLEMENTINE ST,19132,2020,,2020 Playstreets Program
-75.1310513311088,40.022965925033,169,300 Block of W MENTOR ST,19120,2020,,2020 Playstreets Program
-75.1564002126086,40.0044536338833,170,3300 Block of N SMEDLEY ST,19140,2020,,2020 Playstreets Program
-75.1957702021099,39.9665110914638,171,3600 Block of OLIVE ST,19104,2020,,2020 Playstreets Program
-75.1391506047585,40.0100962768991,172,3800 Block of N MARSHALL ST,19140,2020,,2020 Playstreets Program
-75.1410977924823,40.0134293399217,173,4000 Block of N DARIEN ST,19140,2020,,2020 Playstreets Program
-75.1374315336024,40.0192857580969,174,4400 Block of N MARSHALL ST,19140,2020,,2020 Playstreets Program
-75.1571390908779,40.0233574262924,175,4500 Block of N UBER ST,19140,2020,,2020 Playstreets Program
-75.0799858505964,40.0116111015059,176,4600 Block of DITMAN ST,19124,2020,,2020 Playstreets Program
-75.1390301054819,40.0019786258736,177,500 Block of W CORNWALL ST,19140,2020,,2020 Playstreets Program
-75.1696145231485,40.0272503227075,178,5100 Block of HENLEY ST,19144,2020,,2020 Playstreets Program
-75.2227810436335,39.9385197317423,179,5400 Block of REGENT ST,19143,2020,,2020 Playstreets Program
-75.2204165499867,39.9299599251937,180,5700 Block of REEDLAND ST,19143,2020,,2020 Playstreets Program
-75.2405315399001,39.9485268786005,181,5800 Block of MONTROSE ST,19143,2020,,2020 Playstreets Program
-75.132425576042,40.0408334444689,182,5800 Block of N MARSHALL ST,19120,2020,,2020 Playstreets Program
-75.1569295770084,40.0524855238768,183,6400 Block of N BEECHWOOD ST,19138,2020,,2020 Playstreets Program
-75.1641551696499,39.9678741912396,184,1600 Block of SWAIN ST,19130,2020,,2020 Playstreets Program
-75.1838089471015,39.9758772184887,185,1200 Block of N HOLLYWOOD ST,19121,2020,,2020 Playstreets Program
-75.1858403582417,39.9743661618117,186,3000 Block of W HARPER ST,19130,2020,,2020 Playstreets Program
-75.1799327562616,39.9764880611688,187,1300 Block of N 27TH ST,19121,2020,,2020 Playstreets Program
-75.176175395616,39.9285475478346,188,1800 Block of MC CLELLAN ST,19145,2020,,2020 Playstreets Program
-75.1874788853239,39.9335701977801,189,1500 Block of S BAMBREY ST,19146,2020,,2020 Playstreets Program
-75.1801027830872,39.9261739784427,190,2000 Block of MERCY ST,19145,2020,,2020 Playstreets Program
-75.18587449058,39.9245515432728,191,2200 Block of S BUCKNELL ST,19145,2020,,2020 Playstreets Program
-75.1169154619097,40.0229973891479,192,400 Block of E ELEANOR ST,19120,2020,,2020 Playstreets Program
-75.1615526395113,39.9893764740028,193,2300 Block of N BOUVIER ST,19132,2020,,2020 Playstreets Program
-75.1618860511407,39.9878406024065,194,2200 Block of N BOUVIER ST,19132,2020,,2020 Playstreets Program
-75.1440802700331,40.028011027188,195,4900 Block of N CAMAC ST,19141,2020,,2020 Playstreets Program
-75.1400866388899,40.0180915135717,196,4300 Block of N DARIEN ST,19140,2020,,2020 Playstreets Program
-75.2296214114974,39.985697402941,197,5300 Block of EUCLID ST,19131,2020,,2020 Playstreets Program
-75.1172423451459,40.0182349490507,198,4500 Block of HURLEY ST,19120,2020,,2020 Playstreets Program
-75.171422928178,40.003173554869,199,3100 Block of N STILLMAN ST,19132,2020,,2020 Playstreets Program
-75.1775828147289,39.995280443413,200,2800 Block of W HUNTINGDON ST,19132,2020,,2020 Playstreets Program
-75.1558536261011,39.9995841015338,201,3000 Block of N SYDENHAM ST,19132,2020,,2020 Playstreets Program
-75.1593196880759,39.9921617318817,202,2500 Block of N CHADWICK ST,19132,2020,,2020 Playstreets Program
-75.1794932690775,39.9820382466025,203,1700 Block of N MARSTON ST,19121,2020,,2020 Playstreets Program
-75.1729960304874,39.9357392944719,204,1700 Block of LATONA ST,19146,2020,,2020 Playstreets Program
-75.1895545431375,39.9338375665535,205,1500 Block of S 27TH ST,19146,2020,,2020 Playstreets Program
-75.1679694756538,39.9964945559638,206,2700 Block of N CROSKEY ST,19132,2020,,2020 Playstreets Program
-75.1760616369345,39.9975793689435,207,2700 Block of W SILVER ST,19132,2020,,2020 Playstreets Program
-75.1668062547072,39.9884697906008,208,2200 Block of N LAMBERT ST,19132,2020,,2020 Playstreets Program
-75.181314892818,39.988333761635,209,2900 Block of EDGLEY ST,19121,2020,,2020 Playstreets Program
-75.2113875260298,39.9468062526228,210,4500 Block of REGENT ST,19143,2020,,2020 Playstreets Program
-75.1039917934695,40.008633906352,211,4000 Block of CLARIDGE ST,19124,2020,,2020 Playstreets Program
-75.0698760912779,40.0145911598221,212,5200 Block of DITMAN ST,19124,2020,,2020 Playstreets Program
-75.109731619159,40.0003658067583,213,3400 Block of PALMETTO ST,19134,2020,,2020 Playstreets Program
-75.1768172932411,40.0483582483602,214,6300 Block of HOMER ST,19144,2020,,2020 Playstreets Program
-75.0999463386862,39.9982196587175,215,2000 Block of E PACIFIC ST,19134,2020,,2020 Playstreets Program
-75.076466190047,40.0201857415622,216,5100 Block of DUFFIELD ST,19124,2020,,2020 Playstreets Program
-75.1417449380772,39.9993441340076,217,3100 Block of N SHERIDAN ST,19133,2020,,2020 Playstreets Program
-75.2298202575699,39.9357661228196,218,5800 Block of TRINITY ST,19143,2020,,2020 Playstreets Program
-75.1495158059422,40.0019075448278,219,1100 Block of W HILTON ST,19140,2020,,2020 Playstreets Program
-75.1435094913821,39.9901218568342,220,2500 Block of N MARSHALL ST,19133,2020,,2020 Playstreets Program
-75.1436277413113,40.0090904296811,221,3700 Block of N DELHI ST,19140,2020,,2020 Playstreets Program
-75.1435381458327,40.0074448829336,222,3600 Block of N PERCY ST,19140,2020,,2020 Playstreets Program
-75.1414211561329,40.0119364844247,223,3900 Block of N DARIEN ST,19140,2020,,2020 Playstreets Program
-75.2174928080528,39.9322047711271,224,5500 Block of WHEELER ST,19143,2020,,2020 Playstreets Program
-75.2242092836152,39.9357337403316,225,1900 Block of S ITHAN ST,19143,2020,,2020 Playstreets Program
-75.2331878024064,39.9191215384797,226,2500 Block of HOBSON ST,19142,2020,,2020 Playstreets Program
-75.2358698055818,39.9150788735,227,2600 Block of HOLBROOK ST,19142,2020,,2020 Playstreets Program
-75.2260748923824,39.9344205119589,228,2000 Block of S CECIL ST,19143,2020,,2020 Playstreets Program
-75.2265843577424,39.926227060949,229,6100 Block of WHEELER ST,19142,2020,,2020 Playstreets Program
-75.2339406144768,39.9507786031438,230,5500 Block of PEMBERTON ST,19143,2020,,2020 Playstreets Program
-75.2360630588966,39.9505857071441,231,5600 Block of WALTON AVE,19143,2020,,2020 Playstreets Program
-75.2419179657554,39.9515922431149,232,5900 Block of WALTON AVE,19143,2020,,2020 Playstreets Program
-75.2315134821921,39.9241482903383,233,6400 Block of GLENMORE AVE,19142,2020,,2020 Playstreets Program
-75.2276278345464,39.9249092107278,234,6200 Block of REEDLAND ST,19142,2020,,2020 Playstreets Program
-75.2289104575518,39.9239892242659,235,6300 Block of REEDLAND ST,19142,2020,,2020 Playstreets Program
-75.2274491224065,39.9227672802696,236,6300 Block of THEODORE ST,19142,2020,,2020 Playstreets Program
-75.2408434708811,39.947010783747,237,5800 Block of ALTER ST,19143,2020,,2020 Playstreets Program
-75.1154410170628,39.9885253826235,238,2100 Block of E BIRCH ST,19134,2020,,2020 Playstreets Program
-75.1334022573629,40.0030202281819,239,3400 Block of DILLMAN ST,19140,2020,,2020 Playstreets Program
-75.1330124086194,40.0029687251565,240,3400 Block of N PHILIP ST,19140,2020,,2020 Playstreets Program
-75.1370911660321,40.0019649368569,241,3300 Block of N LAWRENCE ST,19140,2020,,2020 Playstreets Program
-75.1131548233977,39.9909777712085,242,3000 Block of CORAL ST,19134,2020,,2020 Playstreets Program
-75.1244282376627,40.0000565737175,243,300 Block of E CORNWALL ST,19134,2020,,2020 Playstreets Program
-75.1336621098528,39.9999345572594,244,3200 Block of N PHILIP ST,19140,2020,,2020 Playstreets Program
-75.1583824422241,39.9171683067476,245,2500 Block of S MARSHALL ST,19148,2020,,2020 Playstreets Program
-75.1522574741604,40.047909197824,246,1900 Block of SPARKS ST,19141,2020,,2020 Playstreets Program
-75.1510432043447,40.0456978373204,247,1800 Block of ROSELYN ST,19141,2020,,2020 Playstreets Program
-75.1623742518452,40.043385627054,248,5500 Block of CROWSON ST,19144,2020,,2020 Playstreets Program
-75.146212788176,39.9764594677768,249,1600 Block of N MARSHALL ST,19122,2020,,2020 Playstreets Program
-75.1517030804216,40.0580558283246,250,2000 Block of E RITTENHOUSE ST,19138,2020,,2020 Playstreets Program
-75.1442574767333,40.0466104940138,251,1400 Block of SPARKS ST,19141,2020,,2020 Playstreets Program
-75.1519781799498,39.9881463638457,252,2300 Block of N 12TH ST,19133,2020,,2020 Playstreets Program
-75.1352247371463,39.9846299720655,253,2200 Block of N HANCOCK ST,19133,2020,,2020 Playstreets Program
-75.1504932556165,40.016281721975,254,1400 Block of W JEROME ST,19140,2020,,2020 Playstreets Program
-75.1566450785361,40.0107734275136,255,3700 Block of N BOUVIER ST,19140,2020,,2020 Playstreets Program
-75.151967812831,40.0183019494688,256,4200 Block of N SYDENHAM ST,19140,2020,,2020 Playstreets Program
-75.1545939727309,40.0275930012131,257,1800 Block of W ELEANOR ST,19141,2020,,2020 Playstreets Program
-75.1938964320905,39.9644207176282,258,3500 Block of MOUNT VERNON ST,19104,2020,,2020 Playstreets Program
-75.2104390981479,39.9673856216173,259,4300 Block of RENO ST,19104,2020,,2020 Playstreets Program
-75.2347313995261,39.9777411697277,260,5600 Block of STEWART ST,19131,2020,,2020 Playstreets Program
-75.2299424235001,39.9743630889229,261,5400 Block of HARLAN ST,19131,2020,,2020 Playstreets Program
-75.2363458426774,39.9577191064332,262,200 Block of S ALDEN ST,19139,2020,,2020 Playstreets Program
-75.2281854341669,39.9659419349903,263,5400 Block of PEARL ST,19139,2020,,2020 Playstreets Program
-75.2293489896185,39.96261729606,264,100 Block of N CONESTOGA ST,19139,2020,,2020 Playstreets Program
-75.2111676519024,39.9718242633541,265,1000 Block of PALLAS ST,19104,2020,,2020 Playstreets Program
-75.224006848385,39.9593215401624,266,5100 Block of LUDLOW ST,19139,2020,,2020 Playstreets Program
-75.2192045734259,39.9644314743513,267,4900 Block of OLIVE ST,19139,2020,,2020 Playstreets Program
-75.2034611905886,39.9731298689899,268,1100 Block of SLOAN ST,19104,2020,,2020 Playstreets Program
-75.1399357973177,40.0321649006467,269,5200 Block of N WARNOCK ST,19141,2020,,2020 Playstreets Program
-75.139868812389,40.0398721969726,270,5700 Block of N MARVINE ST,19141,2020,,2020 Playstreets Program
-75.1286514078159,40.0417377625035,271,5900 Block of N LAWRENCE ST,19120,2020,,2020 Playstreets Program
-75.1253224938903,40.041033894251,272,200 Block of WIDENER ST,19120,2020,,2020 Playstreets Program
-75.1231862481737,40.04126705815,273,100 Block of LINTON ST,19120,2020,,2020 Playstreets Program
-75.1159033394441,40.028351579466,274,5100 Block of WESTFORD RD,19120,2020,,2020 Playstreets Program
-75.1247066005986,40.0427774647052,275,6000 Block of N PHILIP ST,19120,2020,,2020 Playstreets Program
-75.2002597805634,39.9725919041812,276,3800 Block of WYALUSING AVE,19104,2020,,2020 Playstreets Program
-75.2052413671985,39.9732880408505,277,4000 Block of CAMBRIDGE ST,19104,2020,,2020 Playstreets Program
-75.2259191557519,39.9364757163634,278,1700 Block of S FRAZIER ST,19143,2020,,2020 Playstreets Program
-75.2246480429136,39.956251552636,279,5100 Block of CHANCELLOR ST,19139,2020,,2020 Playstreets Program
-75.2431921969848,39.9630795611971,280,0 Block of N DEWEY ST,19139,2020,0-99 Street Range,2020 Playstreets Program
-75.1370132623992,39.9956173143235,281,2900 Block of N ORIANNA ST,19133,2020,,2020 Playstreets Program
-75.2058239606314,39.9594744122325,282,300 Block of N HOLLY ST,19104,2020,,2020 Playstreets Program
-75.2003214744334,39.9721013171654,283,3800 Block of PENNSGROVE ST,19104,2020,,2020 Playstreets Program
-75.2029075025196,39.9695595786111,284,3900 Block of OGDEN ST,19104,2020,,2020 Playstreets Program
-75.2094786973849,39.9688326871949,285,4200 Block of OGDEN ST,19104,2020,,2020 Playstreets Program
-75.2031100613251,39.9622095696096,286,4000 Block of GREEN ST,19104,2020,,2020 Playstreets Program
-75.1464570792824,40.064766663854,287,1800 Block of ELSTON ST,19126,2020,,2020 Playstreets Program
-75.2298493862921,39.9717777211635,288,1200 Block of N CONESTOGA ST,19131,2020,,2020 Playstreets Program
-75.1780250579753,39.9945666512763,289,2500 Block of N NEWKIRK ST,19132,2020,,2020 Playstreets Program
-75.1497535582299,39.9909267406552,290,2600 Block of N 11TH ST,19133,2020,,2020 Playstreets Program
-75.1454576846036,39.9934799980544,291,2600 Block of N DARIEN ST,19133,2020,,2020 Playstreets Program
-75.117828869618,39.9976758748395,292,600 Block of E HILTON ST,19134,2020,,2020 Playstreets Program
-75.0338348451475,40.0423959858724,293,3400 Block of LANSING ST,19136,2020,,2020 Playstreets Program
-75.0360097117473,40.036461166614,294,4200 Block of LORING ST,19136,2020,,2020 Playstreets Program
-75.1600842180501,40.0532910568996,295,5800 Block of BRUSH RD,19138,2020,,2020 Playstreets Program
-75.1652152486584,40.0470244026647,296,800 Block of E PRICE ST,19138,2020,,2020 Playstreets Program
-75.2363671949086,39.9602504681674,297,0 Block of S CECIL ST,19139,2020,0-99 Street Range,2020 Playstreets Program
-75.1344569121223,40.0019768601684,298,200 Block of W THAYER ST,19140,2020,,2020 Playstreets Program
-75.1578702017645,40.0125204980156,299,3800 Block of N GRATZ ST,19140,2020,,2020 Playstreets Program
-75.1386260694267,40.019434095056,300,4400 Block of N FRANKLIN ST,19140,2020,,2020 Playstreets Program
-75.1385695785401,40.0383877633703,301,5600 Block of N WARNOCK ST,19141,2020,,2020 Playstreets Program
-75.2392397334416,39.9246170571761,302,2000 Block of BONNAFFON ST,19142,2020,,2020 Playstreets Program
-75.2293156451581,39.9528850928509,303,5300 Block of ADDISON ST,19143,2020,,2020 Playstreets Program
-75.1607654300454,40.0380025404337,304,500 Block of E BRINGHURST ST,19144,2020,,2020 Playstreets Program
-75.1701701481407,40.0432538551405,305,500 Block of E RITTENHOUSE ST,19144,2020,,2020 Playstreets Program
-75.1903664117691,39.9326942295639,306,1600 Block of S ETTING ST,19145,2020,,2020 Playstreets Program
-75.1892748871743,39.9325556926457,307,1600 Block of S TANEY ST,19145,2020,,2020 Playstreets Program
-75.1968938663076,39.9347873551356,308,1500 Block of S PATTON ST,19146,2020,,2020 Playstreets Program
-75.1729124913258,39.9361391993099,309,1700 Block of MANTON ST,19146,2020,,2020 Playstreets Program
-75.1793166792393,39.9381114783119,310,2100 Block of ANNIN ST,19146,2020,,2020 Playstreets Program
-75.1796918659256,39.9440295632052,311,2200 Block of PEMBERTON ST,19146,2020,,2020 Playstreets Program
-75.1585434419947,39.9321480201865,312,800 Block of EARP ST,19147,2020,,2020 Playstreets Program
-75.1552158673827,39.925441315469,313,500 Block of SIGEL ST,19148,2020,,2020 Playstreets Program
-75.1585319563901,39.9249901574848,314,700 Block of HOFFMAN ST,19148,2020,,2020 Playstreets Program
-75.1573128009275,39.9232503166302,315,600 Block of MERCY ST,19148,2020,,2020 Playstreets Program
-75.0665552278629,40.0457238339125,316,7000 Block of SOUDER ST,19149,2020,,2020 Playstreets Program
-75.1747275073052,40.0735018100075,317,1200 Block of E DURHAM ST,19150,2020,,2020 Playstreets Program
